{
  "hash": "580026d9",
  "configHash": "cd2182c6",
  "lockfileHash": "439ff6fe",
  "browserHash": "db410baa",
  "optimized": {
    "@angular/common": {
      "src": "../../../../../node_modules/@angular/common/fesm2022/common.mjs",
      "file": "@angular_common.js",
      "fileHash": "ea4ee33a",
      "needsInterop": false
    },
    "@angular/core": {
      "src": "../../../../../node_modules/@angular/core/fesm2022/core.mjs",
      "file": "@angular_core.js",
      "fileHash": "836dd75c",
      "needsInterop": false
    },
    "@angular/forms": {
      "src": "../../../../../node_modules/@angular/forms/fesm2022/forms.mjs",
      "file": "@angular_forms.js",
      "fileHash": "d0140eed",
      "needsInterop": false
    },
    "@angular/platform-browser": {
      "src": "../../../../../node_modules/@angular/platform-browser/fesm2022/platform-browser.mjs",
      "file": "@angular_platform-browser.js",
      "fileHash": "8ac09c2e",
      "needsInterop": false
    },
    "@angular/router": {
      "src": "../../../../../node_modules/@angular/router/fesm2022/router.mjs",
      "file": "@angular_router.js",
      "fileHash": "ad150ea9",
      "needsInterop": false
    },
    "@angular/platform-browser/animations": {
      "src": "../../../../../node_modules/@angular/platform-browser/fesm2022/animations.mjs",
      "file": "@angular_platform-browser_animations.js",
      "fileHash": "fd83b35b",
      "needsInterop": false
    },
    "@angular/animations": {
      "src": "../../../../../node_modules/@angular/animations/fesm2022/animations.mjs",
      "file": "@angular_animations.js",
      "fileHash": "91ee63e8",
      "needsInterop": false
    }
  },
  "chunks": {
    "chunk-TWAPUWBL": {
      "file": "chunk-TWAPUWBL.js"
    },
    "chunk-XQC5PYM5": {
      "file": "chunk-XQC5PYM5.js"
    },
    "chunk-ZQGI3ZYG": {
      "file": "chunk-ZQGI3ZYG.js"
    },
    "chunk-6DT2DWOU": {
      "file": "chunk-6DT2DWOU.js"
    }
  }
}