{
  "hash": "54539d4d",
  "configHash": "547979ce",
  "lockfileHash": "439ff6fe",
  "browserHash": "86cbab5a",
  "optimized": {
    "@angular/common": {
      "src": "../../../../../node_modules/@angular/common/fesm2022/common.mjs",
      "file": "@angular_common.js",
      "fileHash": "546f9758",
      "needsInterop": false
    },
    "@angular/core": {
      "src": "../../../../../node_modules/@angular/core/fesm2022/core.mjs",
      "file": "@angular_core.js",
      "fileHash": "f445b0da",
      "needsInterop": false
    },
    "@angular/forms": {
      "src": "../../../../../node_modules/@angular/forms/fesm2022/forms.mjs",
      "file": "@angular_forms.js",
      "fileHash": "09f3a55a",
      "needsInterop": false
    },
    "@angular/platform-browser": {
      "src": "../../../../../node_modules/@angular/platform-browser/fesm2022/platform-browser.mjs",
      "file": "@angular_platform-browser.js",
      "fileHash": "39450bd4",
      "needsInterop": false
    },
    "@angular/platform-browser/animations": {
      "src": "../../../../../node_modules/@angular/platform-browser/fesm2022/animations.mjs",
      "file": "@angular_platform-browser_animations.js",
      "fileHash": "e81c22ff",
      "needsInterop": false
    },
    "@angular/router": {
      "src": "../../../../../node_modules/@angular/router/fesm2022/router.mjs",
      "file": "@angular_router.js",
      "fileHash": "cab19eee",
      "needsInterop": false
    }
  },
  "chunks": {
    "chunk-XQC5PYM5": {
      "file": "chunk-XQC5PYM5.js"
    },
    "chunk-ZQGI3ZYG": {
      "file": "chunk-ZQGI3ZYG.js"
    },
    "chunk-6DT2DWOU": {
      "file": "chunk-6DT2DWOU.js"
    }
  }
}